,edit_count,sentiment,neg_sentiment
2021-01-01,0.8666666666666667,-0.17952477534612019,0.2944444444444444
2021-01-02,0.8333333333333334,-0.14755931496620178,0.2611111111111111
2021-01-03,0.8333333333333334,-0.14755931496620178,0.2611111111111111
2021-01-04,0.8333333333333334,-0.14755931496620178,0.2611111111111111
2021-01-05,0.8666666666666667,-0.15023691058158875,0.2611111111111111
2021-01-06,0.8666666666666667,-0.15023691058158875,0.2611111111111111
2021-01-07,0.5333333333333333,-0.14966096878051757,0.24444444444444444
2021-01-08,0.4666666666666667,-0.17168186042043898,0.25555555555555554
2021-01-09,0.4666666666666667,-0.17168186042043898,0.25555555555555554
2021-01-10,0.4666666666666667,-0.17168186042043898,0.25555555555555554
2021-01-11,0.4666666666666667,-0.17168186042043898,0.25555555555555554
2021-01-12,0.4666666666666667,-0.17168186042043898,0.25555555555555554
2021-01-13,0.4,-0.14108384185367162,0.2222222222222222
2021-01-14,0.43333333333333335,-0.173252715004815,0.25555555555555554
2021-01-15,0.5,-0.1743113550874922,0.2722222222222222
2021-01-16,0.5,-0.1743113550874922,0.2722222222222222
2021-01-17,0.5,-0.1743113550874922,0.2722222222222222
2021-01-18,0.5,-0.17394658856921727,0.2722222222222222
2021-01-19,0.43333333333333335,-0.1965543488661448,0.2833333333333333
2021-01-20,0.43333333333333335,-0.1965543488661448,0.2833333333333333
2021-01-21,0.4666666666666667,-0.1711848626534144,0.26666666666666666
2021-01-22,0.4666666666666667,-0.1711848626534144,0.26666666666666666
2021-01-23,0.43333333333333335,-0.1378655860821406,0.23333333333333334
2021-01-24,0.5333333333333333,-0.14921553168031906,0.2555555555555556
2021-01-25,0.6,-0.21513286928335826,0.28888888888888886
2021-01-26,0.6666666666666666,-0.17177607980039383,0.26666666666666666
2021-01-27,0.6666666666666666,-0.17177607980039383,0.26666666666666666
2021-01-28,0.6666666666666666,-0.17177607980039383,0.26666666666666666
2021-01-29,0.7,-0.20502649512555862,0.3
2021-01-30,0.7666666666666667,-0.23616960412926144,0.3333333333333333
2021-01-31,0.7333333333333333,-0.20302597251203325,0.3
2021-02-01,0.7333333333333333,-0.20302597251203325,0.3
2021-02-02,0.8333333333333334,-0.1940855446789,0.3111111111111111
2021-02-03,0.8666666666666667,-0.2273430350753996,0.34444444444444444
2021-02-04,0.8,-0.2572170101934009,0.34444444444444444
2021-02-05,0.8333333333333334,-0.290444525414043,0.3777777777777778
2021-02-06,0.8333333333333334,-0.290444525414043,0.3777777777777778
2021-02-07,0.8,-0.25715330673588643,0.34444444444444444
2021-02-08,1.0,-0.2458659940295749,0.3555555555555555
2021-02-09,1.1,-0.27622302969296775,0.3888888888888889
2021-02-10,1.1333333333333333,-0.3095342953999837,0.4222222222222222
2021-02-11,1.1333333333333333,-0.3095342953999837,0.4222222222222222
2021-02-12,1.1666666666666667,-0.3427352587381999,0.45555555555555555
2021-02-13,1.1333333333333333,-0.31056638558705646,0.4222222222222222
2021-02-14,1.0666666666666667,-0.30950774550437926,0.40555555555555556
2021-02-15,1.2,-0.3261518026391665,0.4305555555555555
2021-02-16,1.2,-0.3261518026391665,0.4305555555555555
2021-02-17,1.1666666666666667,-0.2932695413629214,0.3972222222222222
2021-02-18,1.1333333333333333,-0.2599470044175784,0.3638888888888889
2021-02-19,1.2333333333333334,-0.23019033786323334,0.3638888888888889
2021-02-20,1.2333333333333334,-0.22127703345484204,0.3638888888888889
2021-02-21,1.3666666666666667,-0.2215538106030888,0.38055555555555554
2021-02-22,1.4666666666666666,-0.2546389223800765,0.41388888888888886
2021-02-23,1.7333333333333334,-0.2395899443162812,0.40681818181818186
2021-02-24,1.7,-0.23577665007776683,0.4068181818181818
2021-02-25,1.6,-0.24640005479256313,0.39570707070707073
2021-02-26,1.6,-0.24640005479256313,0.39570707070707073
2021-02-27,1.6,-0.24640005479256313,0.39570707070707073
2021-02-28,1.5666666666666667,-0.21314963946739832,0.36237373737373735
2021-03-01,1.5666666666666667,-0.18243779987096786,0.3457070707070707
2021-03-02,1.6333333333333333,-0.18402798126141232,0.36237373737373735
2021-03-03,1.6333333333333333,-0.18402798126141232,0.36237373737373735
2021-03-04,1.5333333333333334,-0.19296840909454555,0.3512626262626262
2021-03-05,1.5,-0.15971091869804593,0.3179292929292929
2021-03-06,1.5666666666666667,-0.15986751003397834,0.33459595959595956
2021-03-07,1.5333333333333334,-0.12663999481333627,0.30126262626262623
2021-03-08,1.5333333333333334,-0.12663999481333627,0.30126262626262623
2021-03-09,1.5666666666666667,-0.15987799250417287,0.33459595959595956
2021-03-10,1.3666666666666667,-0.1711653052104844,0.3234848484848485
2021-03-11,1.2666666666666666,-0.1408082695470916,0.29015151515151516
2021-03-12,1.2666666666666666,-0.1406298052933481,0.2901515151515151
2021-03-13,1.3,-0.17035205082760915,0.32348484848484843
2021-03-14,1.3,-0.17045084552632436,0.32348484848484843
2021-03-15,1.3,-0.17045084552632436,0.32348484848484843
2021-03-16,1.3666666666666667,-0.2033087205555704,0.35681818181818176
2021-03-17,1.2333333333333334,-0.18666466342078314,0.3318181818181818
2021-03-18,1.2666666666666666,-0.21914236413107976,0.3651515151515151
2021-03-19,1.2666666666666666,-0.21914236413107976,0.3651515151515151
2021-03-20,1.2666666666666666,-0.21914236413107976,0.3651515151515151
2021-03-21,1.2333333333333334,-0.2541610678037008,0.3818181818181818
2021-03-22,1.2333333333333334,-0.2654110809167226,0.3818181818181818
2021-03-23,1.1333333333333333,-0.29843827784061433,0.39848484848484844
2021-03-24,1.0333333333333334,-0.26535316606362663,0.3651515151515151
2021-03-25,0.7,-0.24693653086821238,0.35
2021-03-26,0.6333333333333333,-0.21742636958758035,0.31666666666666665
2021-03-27,0.6333333333333333,-0.21742636958758035,0.31666666666666665
2021-03-28,0.9,-0.24336263115207354,0.3458333333333333
2021-03-29,0.9666666666666667,-0.24342398221294084,0.3625
2021-03-30,1.0,-0.2767447071770827,0.3958333333333333
2021-03-31,1.0333333333333334,-0.28566985039247406,0.40138888888888885
2021-04-01,0.9666666666666667,-0.28407966900202963,0.3847222222222222
2021-04-02,1.0,-0.31739857999814886,0.4180555555555555
2021-04-03,1.1,-0.35049444246623257,0.4513888888888889
2021-04-04,1.1,-0.35049444246623257,0.4513888888888889
2021-04-05,1.0333333333333334,-0.35033785113030014,0.4347222222222222
2021-04-06,1.0333333333333334,-0.35033785113030014,0.4347222222222222
2021-04-07,1.0333333333333334,-0.35033785113030014,0.4347222222222222
2021-04-08,1.0666666666666667,-0.35037963597310917,0.4347222222222222
2021-04-09,1.0666666666666667,-0.35037963597310917,0.4347222222222222
2021-04-10,1.1333333333333333,-0.3835336576733325,0.46805555555555556
2021-04-11,1.1,-0.35040085622005995,0.4347222222222222
2021-04-12,1.1333333333333333,-0.35398177612158993,0.4347222222222222
2021-04-13,1.2,-0.32846744962864455,0.42361111111111105
2021-04-14,1.2333333333333334,-0.36113577990068335,0.45694444444444443
2021-04-15,1.2,-0.36154628901018043,0.45694444444444443
2021-04-16,1.3,-0.39482176146573494,0.49027777777777776
2021-04-17,1.2666666666666666,-0.3623440607554383,0.45694444444444443
2021-04-18,1.6333333333333333,-0.38352935319446557,0.48421717171717166
2021-04-19,1.6333333333333333,-0.38352935319446557,0.48421717171717166
2021-04-20,1.5666666666666667,-0.3782673160761896,0.467550505050505
2021-04-21,1.5333333333333334,-0.4072787732412719,0.48421717171717166
2021-04-22,1.5333333333333334,-0.407053976310323,0.48421717171717166
2021-04-23,1.6,-0.4070734123915735,0.5008838383838383
2021-04-24,2.433333333333333,-0.42968364225667216,0.517550505050505
2021-04-25,2.6666666666666665,-0.4449130783022734,0.5413600288600288
2021-04-26,2.6666666666666665,-0.4449130783022734,0.5413600288600288
2021-04-27,2.4,-0.4189768167377802,0.5121933621933621
2021-04-28,2.3333333333333335,-0.4189154656769129,0.4955266955266955
2021-04-29,2.4,-0.41794879026293347,0.4955266955266955
2021-04-30,2.3,-0.4085923776402698,0.47330447330447334
2021-05-01,2.3,-0.4085923776402698,0.47330447330447334
2021-05-02,2.2666666666666666,-0.3752734666441506,0.43997113997114
2021-05-03,2.2,-0.3754818842187152,0.43997113997114
2021-05-04,2.2,-0.3754818842187152,0.43997113997114
2021-05-05,2.2333333333333334,-0.3505445167794452,0.43997113997114
2021-05-06,2.2666666666666666,-0.3830669150128589,0.47330447330447334
2021-05-07,2.3,-0.416386918760799,0.5066378066378067
2021-05-08,3.0,-0.398649637006402,0.49794215446389356
2021-05-09,3.033333333333333,-0.421840075753808,0.5312754877972269
2021-05-10,3.066666666666667,-0.40183592283329694,0.5201643766861158
2021-05-11,3.066666666666667,-0.4018359228332969,0.5201643766861158
2021-05-12,3.0,-0.36853275739750585,0.48683104335278243
2021-05-13,2.933333333333333,-0.3281459236502779,0.46460882113056023
2021-05-14,2.966666666666667,-0.2960490688045951,0.44794215446389357
2021-05-15,2.933333333333333,-0.2627806846658521,0.41460882113056025
2021-05-16,2.8666666666666667,-0.2628311446335712,0.4146088211305603
2021-05-17,2.9,-0.2306074014332691,0.4146088211305603
2021-05-18,2.6,-0.20967368529867755,0.4040027605244996
2021-05-19,2.6333333333333333,-0.1768364950679901,0.4040027605244996
2021-05-20,2.6333333333333333,-0.1768364950679901,0.4040027605244996
2021-05-21,2.6,-0.14375543243320413,0.3706694271911663
2021-05-22,2.6333333333333333,-0.11111244804294536,0.35400276052449964
2021-05-23,2.566666666666667,-0.11109301196169485,0.337336093857833
2021-05-24,1.7666666666666666,-0.11174723689847359,0.337336093857833
2021-05-25,1.5333333333333334,-0.09651780085287233,0.31352657004830914
2021-05-26,1.6,-0.09747043010117351,0.3301932367149758
2021-05-27,1.6,-0.09747043010117351,0.3301932367149758
2021-05-28,1.6,-0.09747043010117351,0.3301932367149758
2021-05-29,1.5,-0.06511638055101109,0.2968599033816425
2021-05-30,1.5,-0.06511638055101109,0.2968599033816425
2021-05-31,1.5666666666666667,-0.06516540934498184,0.31352657004830914
2021-06-01,1.6,-0.09831788033103021,0.34685990338164246
2021-06-02,1.6,-0.0983376253630228,0.34685990338164246
2021-06-03,1.6,-0.0983376253630228,0.34685990338164246
2021-06-04,1.5666666666666667,-0.12327499280229283,0.34685990338164246
2021-06-05,1.5666666666666667,-0.12403765807405186,0.34685990338164246
2021-06-06,1.5333333333333334,-0.0907176543261118,0.31352657004830914
2021-06-07,0.8666666666666667,-0.06694047451019287,0.3
2021-06-08,0.8666666666666667,-0.010906851291656498,0.26666666666666666
2021-06-09,1.1,0.0007620564434263411,0.2611111111111111
2021-06-10,1.1,0.0007620564434263411,0.2611111111111111
2021-06-11,1.2333333333333334,0.032401339345508144,0.2611111111111111
2021-06-12,1.2333333333333334,-0.033503695196575596,0.29444444444444445
2021-06-13,1.1666666666666667,-0.032932219770219595,0.2777777777777778
2021-06-14,1.2333333333333334,-0.05895838525560168,0.3111111111111111
2021-06-15,1.3333333333333333,-0.04214062429136701,0.3027777777777778
2021-06-16,1.3666666666666667,-0.07863145904408561,0.3194444444444445
2021-06-17,1.3,-0.07837988273964988,0.3027777777777778
2021-06-18,1.2666666666666666,-0.11121707297033735,0.3027777777777778
2021-06-19,1.5,-0.12917429032306824,0.3265873015873016
2021-06-20,1.5,-0.12917429032306824,0.3265873015873016
2021-06-21,1.5,-0.09570700945835266,0.30992063492063493
2021-06-22,1.5,-0.09570700945835266,0.30992063492063493
2021-06-23,1.4333333333333333,-0.0945582223175064,0.29325396825396827
2021-06-24,1.4333333333333333,-0.0945582223175064,0.29325396825396827
2021-06-25,1.4333333333333333,-0.09186940612774047,0.29325396825396827
2021-06-26,1.4666666666666666,-0.125143246078302,0.3265873015873016
2021-06-27,1.4666666666666666,-0.125143246078302,0.3265873015873016
2021-06-28,1.4666666666666666,-0.125143246078302,0.3265873015873016
2021-06-29,1.4666666666666666,-0.125143246078302,0.3265873015873016
2021-06-30,1.4,-0.12509421728433126,0.30992063492063493
2021-07-01,1.3666666666666667,-0.09194174629828286,0.2765873015873016
2021-07-02,1.3333333333333333,-0.05861772122364196,0.24325396825396825
2021-07-03,1.3333333333333333,-0.05861772122364196,0.24325396825396825
2021-07-04,1.3333333333333333,-0.05861772122364196,0.24325396825396825
2021-07-05,1.3,-0.02533265771846923,0.20992063492063492
2021-07-06,1.3666666666666667,-0.05810396892210794,0.24325396825396825
2021-07-07,1.3,-0.09724856571072625,0.2654761904761905
2021-07-08,1.2666666666666666,-0.13009175018185662,0.2654761904761905
2021-07-09,0.9666666666666667,-0.10040800904943831,0.2488095238095238
2021-07-10,1.0,-0.13366544381493614,0.2821428571428572
2021-07-11,0.8666666666666667,-0.16530472671701796,0.2821428571428572
2021-07-12,0.8333333333333334,-0.1320010943781762,0.2488095238095238
2021-07-13,0.8333333333333334,-0.1320010943781762,0.2488095238095238
2021-07-14,0.8,-0.139291402058942,0.2488095238095238
2021-07-15,0.6666666666666666,-0.12278323059990294,0.22380952380952382
2021-07-16,0.6,-0.11851613904748645,0.20714285714285716
2021-07-17,0.6,-0.11851613904748645,0.20714285714285716
2021-07-18,0.6,-0.11851613904748645,0.20714285714285716
2021-07-19,0.36666666666666664,-0.10055892169475555,0.18333333333333332
2021-07-20,0.36666666666666664,-0.10055892169475555,0.18333333333333332
2021-07-21,0.3,-0.13359000980854036,0.18333333333333332
2021-07-22,0.3,-0.13359000980854036,0.18333333333333332
2021-07-23,0.36666666666666664,-0.16612068514029185,0.21666666666666667
2021-07-24,0.36666666666666664,-0.16612068514029185,0.21666666666666667
2021-07-25,0.3,-0.1678568720817566,0.2
2021-07-26,0.26666666666666666,-0.13458303213119507,0.16666666666666666
2021-07-27,0.26666666666666666,-0.13458303213119507,0.16666666666666666
2021-07-28,0.26666666666666666,-0.13458303213119507,0.16666666666666666
2021-07-29,0.26666666666666666,-0.13458303213119507,0.16666666666666666
2021-07-30,0.26666666666666666,-0.13458303213119507,0.16666666666666666
2021-07-31,0.3,-0.1048760215441386,0.16666666666666666
2021-08-01,0.3,-0.1048760215441386,0.16666666666666666
2021-08-02,0.3,-0.1048760215441386,0.16666666666666666
2021-08-03,0.3,-0.1048760215441386,0.16666666666666666
2021-08-04,0.36666666666666664,-0.13560560246308645,0.2
2021-08-05,0.3333333333333333,-0.1357330689827601,0.2
2021-08-06,0.3,-0.10482315123081207,0.16666666666666666
2021-08-07,0.3,-0.10482315123081207,0.16666666666666666
2021-08-08,0.26666666666666666,-0.13302593131860097,0.16666666666666666
2021-08-09,0.3333333333333333,-0.11035374767250485,0.15555555555555556
2021-08-10,0.3333333333333333,-0.11035374767250485,0.15555555555555556
2021-08-11,0.3333333333333333,-0.11035374767250485,0.15555555555555556
2021-08-12,0.3333333333333333,-0.11035374767250485,0.15555555555555556
2021-08-13,0.3,-0.07703727450635697,0.12222222222222222
2021-08-14,0.3,-0.07703727450635697,0.12222222222222222
2021-08-15,0.3333333333333333,-0.11034312413798437,0.15555555555555553
2021-08-16,0.36666666666666664,-0.14363007909721798,0.18888888888888886
2021-08-17,0.36666666666666664,-0.14363007909721798,0.18888888888888886
2021-08-18,0.4,-0.17684376802709367,0.2222222222222222
2021-08-19,0.4666666666666667,-0.17556893593735165,0.23888888888888887
2021-08-20,0.4666666666666667,-0.17556893593735165,0.23888888888888887
2021-08-21,0.5333333333333333,-0.1761347429619895,0.25555555555555554
2021-08-22,0.4666666666666667,-0.143604067630238,0.2222222222222222
2021-08-23,0.4666666666666667,-0.143604067630238,0.2222222222222222
2021-08-24,0.5666666666666667,-0.17456064456039005,0.25555555555555554
2021-08-25,0.5666666666666667,-0.17456064456039005,0.25555555555555554
2021-08-26,0.5666666666666667,-0.17456064456039005,0.25555555555555554
2021-08-27,0.5666666666666667,-0.17456064456039005,0.25555555555555554
2021-08-28,0.5666666666666667,-0.17456064456039005,0.25555555555555554
2021-08-29,0.5666666666666667,-0.17456064456039005,0.25555555555555554
2021-08-30,0.5333333333333333,-0.20426765514744655,0.25555555555555554
2021-08-31,0.5333333333333333,-0.20426765514744655,0.25555555555555554
2021-09-01,0.5333333333333333,-0.20426765514744655,0.25555555555555554
2021-09-02,0.5666666666666667,-0.23683807684315578,0.28888888888888886
2021-09-03,0.5333333333333333,-0.1734211199813419,0.25555555555555554
2021-09-04,0.5,-0.14052234225802954,0.2222222222222222
2021-09-05,0.5,-0.14052234225802954,0.2222222222222222
2021-09-06,0.5,-0.14052234225802954,0.2222222222222222
2021-09-07,0.6666666666666666,-0.12095849010679458,0.22888888888888886
2021-09-08,0.5666666666666667,-0.11037323898739286,0.20666666666666664
2021-09-09,0.5666666666666667,-0.11037323898739286,0.20666666666666664
2021-09-10,0.6333333333333333,-0.11096311834123401,0.2233333333333333
2021-09-11,0.7,-0.14343599604235757,0.25666666666666665
2021-09-12,0.8333333333333334,-0.1330207266079055,0.26499999999999996
2021-09-13,0.8666666666666667,-0.10808335916863548,0.26499999999999996
2021-09-14,0.8666666666666667,-0.04159009830819237,0.23166666666666663
2021-09-15,0.8333333333333334,-0.008303143348958767,0.1983333333333333
2021-09-16,0.8333333333333334,-0.008303143348958767,0.1983333333333333
2021-09-17,0.8,0.024910545580916925,0.16499999999999998
2021-09-18,0.7333333333333333,0.0236357134911749,0.14833333333333332
2021-09-19,0.7333333333333333,0.0236357134911749,0.14833333333333332
2021-09-20,0.6666666666666666,0.024201520515812758,0.13166666666666668
2021-09-21,0.6666666666666666,0.024201520515812758,0.13166666666666668
2021-09-22,0.8666666666666667,0.025545943677425374,0.14833333333333334
2021-09-23,0.7666666666666667,0.056502520607577426,0.115
2021-09-24,0.7666666666666667,0.056502520607577426,0.115
2021-09-25,0.7666666666666667,0.056502520607577426,0.115
2021-09-26,0.7666666666666667,0.056502520607577426,0.115
2021-09-27,0.8333333333333334,0.023617455926206374,0.14833333333333334
2021-09-28,1.0333333333333334,0.012292040950722156,0.17055555555555554
2021-09-29,1.0333333333333334,0.012292040950722156,0.17055555555555554
2021-09-30,1.2,0.027134151028262235,0.17722222222222223
2021-10-01,1.2,0.027134151028262235,0.17722222222222223
2021-10-02,1.1666666666666667,0.059704572723971464,0.14388888888888887
2021-10-03,1.1333333333333333,0.02701719678110546,0.14388888888888887
2021-10-04,1.1333333333333333,0.02701719678110546,0.14388888888888887
2021-10-05,1.1333333333333333,0.02701719678110546,0.14388888888888887
2021-10-06,1.1333333333333333,0.02701719678110546,0.14388888888888887
2021-10-07,1.0,0.040742173161771554,0.13722222222222222
2021-10-08,1.0,0.040742173161771554,0.13722222222222222
2021-10-09,1.0,0.040742173161771554,0.13722222222222222
2021-10-10,0.9333333333333333,0.0413320525156127,0.12055555555555554
2021-10-11,0.8666666666666667,0.07380493021673626,0.08722222222222221
2021-10-12,0.7333333333333333,0.0633896607822842,0.07888888888888887
2021-10-13,0.7,0.03845229334301418,0.07888888888888887
2021-10-14,0.6666666666666666,0.005264882114198466,0.07888888888888887
2021-10-15,0.6666666666666666,0.005264882114198466,0.07888888888888887
2021-10-16,0.7333333333333333,-0.02685702456368341,0.11222222222222221
2021-10-17,0.8333333333333334,-0.06008912470605639,0.14555555555555555
2021-10-18,0.8666666666666667,-0.03515175726678636,0.14555555555555555
2021-10-19,0.8666666666666667,-0.03515175726678636,0.14555555555555555
2021-10-20,0.9,-0.002985441154903841,0.14555555555555555
2021-10-21,0.9,-0.002985441154903841,0.14555555555555555
2021-10-22,0.9333333333333333,-0.012668680141842558,0.14793650793650795
2021-10-23,0.9333333333333333,-0.01266868014184256,0.14793650793650795
2021-10-24,0.9333333333333333,-0.01266868014184256,0.14793650793650795
2021-10-25,0.9333333333333333,-0.01266868014184256,0.14793650793650795
2021-10-26,0.9666666666666667,0.017670022457364997,0.14793650793650795
2021-10-27,0.9333333333333333,0.031463228672269784,0.14793650793650795
2021-10-28,0.8,0.010773403455340665,0.15904761904761905
2021-10-29,0.8666666666666667,0.04393126071445525,0.15904761904761905
2021-10-30,0.7,0.02908915063691517,0.15238095238095237
2021-10-31,0.7,0.02908915063691517,0.15238095238095237
2021-11-01,0.7,0.02908915063691517,0.15238095238095237
2021-11-02,0.8,0.039760285426699925,0.16349206349206347
2021-11-03,0.8,0.039760285426699925,0.16349206349206347
2021-11-04,0.8,0.039760285426699925,0.16349206349206347
2021-11-05,0.8,0.039760285426699925,0.16349206349206347
2021-11-06,0.7666666666666667,0.006471456894798877,0.16349206349206347
2021-11-07,0.7666666666666667,0.006471456894798877,0.16349206349206347
2021-11-08,0.7666666666666667,0.006471456894798877,0.16349206349206347
2021-11-09,0.8,0.03913959643197438,0.16349206349206347
2021-11-10,0.8,0.03913959643197438,0.16349206349206347
2021-11-11,0.8333333333333334,0.0058176157966492595,0.19682539682539682
2021-11-12,0.8333333333333334,0.0058176157966492595,0.19682539682539682
2021-11-13,0.8333333333333334,0.0058176157966492595,0.19682539682539682
2021-11-14,0.8666666666666667,0.03327264369480193,0.19682539682539682
2021-11-15,0.9333333333333333,0.048748182564500774,0.18849206349206346
2021-11-16,0.8333333333333334,0.08198028270687376,0.15515873015873013
2021-11-17,0.8333333333333334,0.08198028270687376,0.15515873015873013
2021-11-18,0.8333333333333334,0.08198028270687376,0.15515873015873013
2021-11-19,0.8,0.049813966594991224,0.15515873015873013
2021-11-20,0.8,0.049813966594991224,0.15515873015873013
2021-11-21,0.5666666666666667,0.05815278242031732,0.1361111111111111
2021-11-22,0.5666666666666667,0.05815278242031732,0.1361111111111111
2021-11-23,0.5666666666666667,0.05815278242031732,0.1361111111111111
2021-11-24,0.5666666666666667,0.05815278242031732,0.1361111111111111
2021-11-25,0.5666666666666667,-0.005440982679526018,0.16944444444444443
2021-11-26,0.5666666666666667,-0.01965256979068121,0.16944444444444443
2021-11-27,0.5333333333333333,-0.020829731722672787,0.16944444444444443
2021-11-28,0.4666666666666667,-0.05398758898178737,0.16944444444444443
2021-11-29,0.4666666666666667,-0.05398758898178737,0.16944444444444443
2021-11-30,0.5666666666666667,-0.06473265141248703,0.19166666666666668
2021-12-01,0.5666666666666667,-0.06473265141248703,0.19166666666666668
2021-12-02,0.6666666666666666,-0.10761829995446734,0.2138888888888889
2021-12-03,0.7,-0.07453555845552022,0.2138888888888889
2021-12-04,0.7,-0.07453555845552022,0.2138888888888889
2021-12-05,0.7,-0.07453555845552022,0.2138888888888889
2021-12-06,0.7,-0.07453555845552022,0.2138888888888889
2021-12-07,0.7,-0.07453555845552022,0.2138888888888889
2021-12-08,0.9,-0.08707213120328057,0.23611111111111113
2021-12-09,0.8666666666666667,-0.11974027074045607,0.23611111111111113
2021-12-10,0.8666666666666667,-0.11974027074045607,0.23611111111111113
2021-12-11,0.8666666666666667,-0.05338106469975579,0.2027777777777778
2021-12-12,0.9333333333333333,-0.05749285833703147,0.21944444444444447
2021-12-13,0.9333333333333333,-0.05749285833703147,0.21944444444444447
2021-12-14,0.9,-0.08494788623518415,0.21944444444444447
2021-12-15,0.7666666666666667,-0.0683015184270011,0.19444444444444448
2021-12-16,0.7666666666666667,-0.0683015184270011,0.19444444444444448
2021-12-17,0.7333333333333333,-0.09323888586627113,0.19444444444444448
2021-12-18,0.7333333333333333,-0.09323888586627113,0.19444444444444448
2021-12-19,0.7666666666666667,-0.0683015184270011,0.19444444444444448
2021-12-20,0.7666666666666667,-0.0683015184270011,0.19444444444444448
2021-12-21,0.7666666666666667,-0.0683015184270011,0.19444444444444448
2021-12-22,0.8333333333333334,-0.06847899026340909,0.21111111111111114
2021-12-23,0.8333333333333334,-0.06847899026340909,0.21111111111111114
2021-12-24,0.8333333333333334,-0.06847899026340909,0.21111111111111114
2021-12-25,0.8,-0.035223927762773305,0.17777777777777778
2021-12-26,0.7666666666666667,-0.0019204821851518468,0.14444444444444446
2021-12-27,0.7666666666666667,0.0024617188506656173,0.14444444444444446
2021-12-28,0.8,-0.03079954650666979,0.17777777777777778
2021-12-29,0.8333333333333334,-0.06214015748765734,0.21111111111111114
2021-12-30,0.7333333333333333,-0.051395095056957676,0.18888888888888886
2021-12-31,0.7333333333333333,-0.051395095056957676,0.18888888888888886
2022-01-01,0.6666666666666666,-0.005108057293627003,0.16388888888888886
2022-01-02,0.6333333333333333,-0.03819079879257415,0.16388888888888886
2022-01-03,0.6333333333333333,-0.03819079879257415,0.16388888888888886
2022-01-04,0.6333333333333333,-0.03819079879257415,0.16388888888888886
2022-01-05,0.6333333333333333,-0.03819079879257415,0.16388888888888886
2022-01-06,0.8333333333333334,-0.059573296209176396,0.19166666666666668
2022-01-07,0.6333333333333333,-0.04703672346141604,0.16944444444444445
2022-01-08,0.6333333333333333,-0.04703672346141604,0.16944444444444445
2022-01-09,0.6333333333333333,-0.04703672346141604,0.16944444444444445
2022-01-10,0.6333333333333333,-0.05513658142752118,0.16944444444444445
2022-01-11,0.6,-0.08431719856129753,0.18611111111111114
2022-01-12,0.6333333333333333,-0.11657417333788342,0.21944444444444447
2022-01-13,0.6666666666666666,-0.14988578475183914,0.2527777777777778
2022-01-14,0.6666666666666666,-0.14988578475183914,0.2527777777777778
2022-01-15,0.8333333333333334,-0.13253797329134412,0.2594444444444445
2022-01-16,1.7333333333333334,-0.141294835228243,0.2804320987654321
2022-01-17,2.0,-0.1660878650531357,0.30959876543209874
2022-01-18,1.9666666666666666,-0.1910252324924057,0.30959876543209874
2022-01-19,2.066666666666667,-0.20259838225296986,0.33182098765432094
2022-01-20,2.566666666666667,-0.20074824507221764,0.34737654320987654
2022-01-21,2.533333333333333,-0.2333178750195621,0.3640432098765432
2022-01-22,2.533333333333333,-0.2333178750195621,0.3640432098765432
2022-01-23,2.533333333333333,-0.2333178750195621,0.3640432098765432
2022-01-24,2.533333333333333,-0.2333178750195621,0.3640432098765432
2022-01-25,2.533333333333333,-0.2333178750195621,0.3640432098765432
2022-01-26,2.7,-0.22561259483481633,0.35848765432098767
2022-01-27,2.6666666666666665,-0.1923513294774809,0.32515432098765434
2022-01-28,2.8666666666666667,-0.18428057333727155,0.32039241622574954
2022-01-29,2.8666666666666667,-0.18428057333727155,0.32039241622574954
2022-01-30,2.8666666666666667,-0.18428057333727155,0.32039241622574954
2022-01-31,2.7333333333333334,-0.19835309734840664,0.3120590828924162
2022-02-01,2.7666666666666666,-0.17963065058886482,0.3120590828924162
2022-02-02,2.8,-0.20513177465299243,0.3453924162257495
2022-02-03,2.8,-0.20513177465299243,0.3453924162257495
2022-02-04,2.8,-0.20513177465299243,0.3453924162257495
2022-02-05,2.6,-0.18374927723639017,0.3176146384479718
2022-02-06,2.6,-0.18374927723639017,0.3176146384479718
2022-02-07,2.6,-0.18374927723639017,0.3176146384479718
2022-02-08,2.6,-0.18374927723639017,0.3176146384479718
2022-02-09,2.6,-0.24187363072467652,0.3509479717813051
2022-02-10,2.566666666666667,-0.20858121995362447,0.3176146384479717
2022-02-11,2.533333333333333,-0.17632424517703857,0.2842813051146384
2022-02-12,2.5,-0.1430126337630829,0.2509479717813051
2022-02-13,2.5,-0.1430126337630829,0.2509479717813051
2022-02-14,2.3333333333333335,-0.16036044522357787,0.24428130511463844
2022-02-15,1.4333333333333333,-0.151603583286679,0.2232936507936508
2022-02-16,1.1666666666666667,-0.1268105534617863,0.19412698412698412
2022-02-17,1.2333333333333334,-0.16000253338662407,0.22746031746031745
2022-02-18,1.1333333333333333,-0.1484293836260599,0.20523809523809525
2022-02-19,0.6333333333333333,-0.15027952080681212,0.1896825396825397
2022-02-20,0.6666666666666666,-0.15083106443995523,0.1896825396825397
2022-02-21,0.6666666666666666,-0.15083106443995523,0.1896825396825397
2022-02-22,0.6666666666666666,-0.15083106443995523,0.1896825396825397
2022-02-23,0.6666666666666666,-0.15083106443995523,0.1896825396825397
2022-02-24,0.6666666666666666,-0.15083106443995523,0.1896825396825397
2022-02-25,0.4666666666666667,-0.12972614353611356,0.16190476190476188
2022-02-26,0.5,-0.1630221146912802,0.19523809523809524
2022-02-27,0.9,-0.14766118427117667,0.18771929824561404
2022-02-28,0.9333333333333333,-0.1245581994454066,0.18771929824561404
2022-03-01,0.9333333333333333,-0.1245581994454066,0.18771929824561404
2022-03-02,0.9666666666666667,-0.15786969165007272,0.22105263157894736
2022-03-03,0.9333333333333333,-0.17659213840961457,0.22105263157894736
2022-03-04,0.9,-0.15109101434548697,0.18771929824561404
2022-03-05,0.9,-0.15109101434548697,0.18771929824561404
2022-03-06,0.9,-0.15109101434548697,0.18771929824561404
2022-03-07,0.9333333333333333,-0.12009030679861704,0.18771929824561404
2022-03-08,0.9666666666666667,-0.15341220796108246,0.22105263157894736
2022-03-09,0.9666666666666667,-0.15341220796108246,0.22105263157894736
2022-03-10,1.0,-0.18673719465732574,0.2543859649122807
2022-03-11,0.9666666666666667,-0.15355020860830942,0.22105263157894736
2022-03-12,0.9666666666666667,-0.15355020860830942,0.22105263157894736
2022-03-13,0.9666666666666667,-0.15355020860830942,0.22105263157894736
2022-03-14,0.9666666666666667,-0.15355020860830942,0.22105263157894736
2022-03-15,0.9666666666666667,-0.15355020860830942,0.22105263157894736
2022-03-16,1.0333333333333334,-0.15531426767508189,0.23771929824561405
2022-03-17,1.0333333333333334,-0.15531426767508189,0.23771929824561405
2022-03-18,1.0333333333333334,-0.15531426767508189,0.23771929824561405
2022-03-19,0.9666666666666667,-0.12212228775024414,0.2043859649122807
2022-03-20,0.9666666666666667,-0.12212228775024414,0.2043859649122807
2022-03-21,0.9666666666666667,-0.12212228775024414,0.2043859649122807
2022-03-22,0.9,-0.08882364233334859,0.17105263157894737
2022-03-23,0.9,-0.08882364233334859,0.17105263157894737
2022-03-24,0.9,-0.08882364233334859,0.17105263157894737
2022-03-25,0.9,-0.08882364233334859,0.17105263157894737
2022-03-26,1.0,-0.07994003295898437,0.18216374269005847
2022-03-27,1.0333333333333334,-0.04685040513674418,0.18216374269005847
2022-03-28,1.0333333333333334,0.018886768817901602,0.14883040935672515
2022-03-29,0.5333333333333333,0.010640001296997064,0.15277777777777776
2022-03-30,0.5333333333333333,-0.04578220446904501,0.1861111111111111
2022-03-31,0.5333333333333333,-0.04578220446904501,0.1861111111111111
2022-04-01,0.5,-0.012470712264378873,0.15277777777777776
2022-04-02,0.5,-0.012470712264378873,0.15277777777777776
2022-04-03,0.5333333333333333,-0.045786579449971526,0.1861111111111111
2022-04-04,0.5333333333333333,-0.045786579449971526,0.1861111111111111
2022-04-05,0.6333333333333333,-0.05721035467253791,0.20833333333333331
2022-04-06,0.6,-0.08821106221940783,0.20833333333333331
2022-04-07,0.5666666666666667,-0.054889161056942415,0.17499999999999996
2022-04-08,0.6,-0.08745958275265164,0.20833333333333334
2022-04-09,0.5666666666666667,-0.05413459605640836,0.175
2022-04-10,0.5666666666666667,-0.05413459605640836,0.175
2022-04-11,0.5666666666666667,-0.05413459605640836,0.175
2022-04-12,0.5666666666666667,-0.05413459605640836,0.175
2022-04-13,0.5666666666666667,-0.05413459605640836,0.175
2022-04-14,0.5666666666666667,-0.05413459605640836,0.175
2022-04-15,0.5,-0.052370536989635896,0.15833333333333333
2022-04-16,0.5,-0.052370536989635896,0.15833333333333333
2022-04-17,0.5,-0.052370536989635896,0.15833333333333333
2022-04-18,0.5,-0.052370536989635896,0.15833333333333333
2022-04-19,0.8,-0.034078574842876866,0.16574074074074072
2022-04-20,0.8,-0.034078574842876866,0.16574074074074072
2022-04-21,0.8,-0.034078574842876866,0.16574074074074072
2022-04-22,0.8,-0.034078574842876866,0.16574074074074072
2022-04-23,0.8,-0.034078574842876866,0.16574074074074072
2022-04-24,0.8,-0.034078574842876866,0.16574074074074072
2022-04-25,0.7,-0.04296218421724108,0.15462962962962962
2022-04-26,0.7333333333333333,-0.07781360811657376,0.17129629629629628
2022-04-27,0.8666666666666667,-0.09279789514011808,0.17796296296296296
2022-04-28,0.8333333333333334,-0.08398600008752612,0.1751851851851852
2022-04-29,0.8,-0.05066677914725411,0.14185185185185184
2022-04-30,0.8,-0.05066677914725411,0.14185185185185184
2022-05-01,0.8,-0.05066677914725411,0.14185185185185184
2022-05-02,0.8,-0.05066677914725411,0.14185185185185184
2022-05-03,0.7666666666666667,-0.01735091196166145,0.10851851851851851
2022-05-04,0.7666666666666667,-0.01735091196166145,0.10851851851851851
2022-05-05,0.6666666666666666,-0.005927136739095057,0.08629629629629629
2022-05-06,0.6666666666666666,-0.005927136739095057,0.08629629629629629
2022-05-07,0.6666666666666666,-0.005927136739095057,0.08629629629629629
2022-05-08,0.6333333333333333,0.026643284956614173,0.05296296296296296
2022-05-09,0.8333333333333334,0.02541242056422763,0.06962962962962962
2022-05-10,0.8666666666666667,-0.0037192581759558827,0.10296296296296295
2022-05-11,1.0,-0.020388898120986095,0.12796296296296295
2022-05-12,1.1333333333333333,-0.004822397099600902,0.13629629629629628
2022-05-13,1.2,-0.008970979717042716,0.15296296296296294
2022-05-14,1.2,-0.008970979717042716,0.15296296296296294
2022-05-15,1.2,-0.008970979717042716,0.15296296296296294
2022-05-16,1.2333333333333334,-0.03474585798051623,0.1862962962962963
2022-05-17,1.2666666666666666,-0.06794518417782254,0.21962962962962962
2022-05-18,1.2666666666666666,-0.06794518417782254,0.21962962962962962
2022-05-19,0.9666666666666667,-0.08623714632458158,0.2122222222222222
2022-05-20,0.9666666666666667,-0.08623714632458158,0.2122222222222222
2022-05-21,0.9666666666666667,-0.08623714632458158,0.2122222222222222
2022-05-22,1.3,-0.10870702948835162,0.23888888888888887
2022-05-23,1.3,-0.10870702948835162,0.23888888888888887
2022-05-24,1.5,-0.13627748376793333,0.2722222222222222
2022-05-25,1.5,-0.13627748376793333,0.2722222222222222
2022-05-26,1.4333333333333333,-0.13451568769084082,0.25555555555555554
2022-05-27,1.2666666666666666,-0.1519726034667757,0.24888888888888888
2022-05-28,1.1666666666666667,-0.14462880657778848,0.22666666666666668
2022-05-29,1.2333333333333334,-0.14477390514479746,0.24333333333333335
2022-05-30,1.2333333333333334,-0.14477390514479746,0.24333333333333335
2022-05-31,1.2666666666666666,-0.11476490365134347,0.24333333333333335
2022-06-01,1.3,-0.1479734248585171,0.27666666666666667
2022-06-02,1.3,-0.1479734248585171,0.27666666666666667
2022-06-03,1.3333333333333333,-0.1812452044751909,0.31
2022-06-04,1.3333333333333333,-0.1812452044751909,0.31
2022-06-05,1.3333333333333333,-0.1812452044751909,0.31
2022-06-06,1.3666666666666667,-0.2145600424872504,0.3433333333333334
2022-06-07,1.4333333333333333,-0.22105812794632382,0.36000000000000004
2022-06-08,1.2333333333333334,-0.21982726355393728,0.3433333333333334
2022-06-09,1.2333333333333334,-0.22401609122753144,0.3433333333333334
2022-06-10,1.1,-0.20734645128250123,0.31833333333333336
2022-06-11,0.9666666666666667,-0.2229129523038864,0.31
2022-06-12,0.9,-0.2187643696864446,0.29333333333333333
2022-06-13,0.9666666666666667,-0.22209837237993876,0.31
2022-06-14,1.0666666666666667,-0.21198269658618504,0.32111111111111107
2022-06-15,1.1333333333333333,-0.17808930807643467,0.29888888888888887
2022-06-16,1.1,-0.14488998187912835,0.26555555555555554
2022-06-17,1.1333333333333333,-0.12138287954860265,0.26555555555555554
2022-06-18,1.1333333333333333,-0.12138287954860265,0.26555555555555554
2022-06-19,1.2666666666666666,-0.13455612642897502,0.29055555555555557
2022-06-20,1.2666666666666666,-0.13455612642897502,0.29055555555555557
2022-06-21,0.9333333333333333,-0.11208624326520497,0.2638888888888889
2022-06-22,0.9333333333333333,-0.11208624326520497,0.2638888888888889
2022-06-23,0.7333333333333333,-0.08451578898562326,0.23055555555555554
2022-06-24,0.7333333333333333,-0.08451578898562326,0.23055555555555554
2022-06-25,0.7666666666666667,-0.11763876560661529,0.2638888888888889
2022-06-26,0.7666666666666667,-0.11763876560661529,0.2638888888888889
2022-06-27,0.7666666666666667,-0.11763876560661529,0.2638888888888889
2022-06-28,0.7,-0.11749366703960631,0.2472222222222222
2022-06-29,0.7666666666666667,-0.15032881084415647,0.28055555555555556
2022-06-30,0.7333333333333333,-0.18033781233761045,0.28055555555555556
2022-07-01,0.7,-0.1471292911304368,0.2472222222222222
2022-07-02,0.7,-0.1471292911304368,0.2472222222222222
2022-07-03,0.7,-0.14623428169223998,0.2472222222222222
2022-07-04,0.7,-0.14623428169223998,0.2472222222222222
2022-07-05,0.7,-0.14623428169223998,0.2472222222222222
2022-07-06,0.6666666666666666,-0.11291944368018045,0.21388888888888888
2022-07-07,0.6,-0.10642135822110707,0.19722222222222222
2022-07-08,0.6,-0.10642135822110707,0.19722222222222222
2022-07-09,0.5666666666666667,-0.0731008518073294,0.16388888888888886
2022-07-10,0.5666666666666667,-0.0731008518073294,0.16388888888888886
2022-07-11,0.5666666666666667,-0.0731008518073294,0.16388888888888886
2022-07-12,0.5666666666666667,-0.0731008518073294,0.16388888888888886
2022-07-13,0.5333333333333333,-0.04482948167456522,0.1472222222222222
2022-07-14,0.4666666666666667,-0.08825673709313074,0.16944444444444443
2022-07-15,0.36666666666666664,-0.0963752473394076,0.15833333333333333
2022-07-16,0.36666666666666664,-0.0963752473394076,0.15833333333333333
2022-07-17,0.3333333333333333,-0.11988234966993332,0.15833333333333333
2022-07-18,0.3333333333333333,-0.11988234966993332,0.15833333333333333
2022-07-19,0.2,-0.10670910278956096,0.13333333333333333
2022-07-20,0.2,-0.10670910278956096,0.13333333333333333
2022-07-21,0.2,-0.10670910278956096,0.13333333333333333
2022-07-22,0.2,-0.10670910278956096,0.13333333333333333
2022-07-23,0.2,-0.10670910278956096,0.13333333333333333
2022-07-24,0.2,-0.10670910278956096,0.13333333333333333
2022-07-25,0.16666666666666666,-0.07358612616856892,0.1
2022-07-26,0.16666666666666666,-0.07358612616856892,0.1
2022-07-27,0.16666666666666666,-0.07358612616856892,0.1
2022-07-28,0.16666666666666666,-0.07358612616856892,0.1
2022-07-29,0.16666666666666666,-0.040896337231000265,0.08333333333333333
2022-07-30,0.16666666666666666,-0.040896337231000265,0.08333333333333333
2022-07-31,0.16666666666666666,-0.040896337231000265,0.08333333333333333
2022-08-01,0.16666666666666666,-0.040896337231000265,0.08333333333333333
2022-08-02,0.16666666666666666,-0.04184170663356781,0.08333333333333333
2022-08-03,0.16666666666666666,-0.04184170663356781,0.08333333333333333
2022-08-04,0.16666666666666666,-0.04184170663356781,0.08333333333333333
2022-08-05,0.16666666666666666,-0.04184170663356781,0.08333333333333333
2022-08-06,0.16666666666666666,-0.04184170663356781,0.08333333333333333
2022-08-07,0.16666666666666666,-0.04184170663356781,0.08333333333333333
2022-08-08,0.16666666666666666,-0.04184170663356781,0.08333333333333333
2022-08-09,0.16666666666666666,-0.04184170663356781,0.08333333333333333
2022-08-10,0.16666666666666666,-0.04184170663356781,0.08333333333333333
2022-08-11,0.16666666666666666,-0.04184170663356781,0.08333333333333333
2022-08-12,0.13333333333333333,-0.06677907407283783,0.08333333333333333
2022-08-13,0.1,-0.03346749444802602,0.05
2022-08-14,0.13333333333333333,-0.06648305356502533,0.08333333333333333
2022-08-15,0.13333333333333333,-0.06648305356502533,0.08333333333333333
2022-08-16,0.13333333333333333,-0.06648305356502533,0.08333333333333333
2022-08-17,0.23333333333333334,-0.05954347352186839,0.09444444444444446
2022-08-18,0.23333333333333334,-0.05954347352186839,0.09444444444444446
2022-08-19,0.23333333333333334,-0.05954347352186839,0.09444444444444446
2022-08-20,0.23333333333333334,-0.05954347352186839,0.09444444444444446
2022-08-21,0.23333333333333334,-0.05954347352186839,0.09444444444444446
2022-08-22,0.23333333333333334,-0.05954347352186839,0.09444444444444446
2022-08-23,0.3,-0.09277143875757853,0.12777777777777777
2022-08-24,0.3,-0.09277143875757853,0.12777777777777777
2022-08-25,0.3,-0.09277143875757853,0.12777777777777777
2022-08-26,0.3,-0.09277143875757853,0.12777777777777777
2022-08-27,0.3,-0.09277143875757853,0.12777777777777777
2022-08-28,0.23333333333333334,-0.09262608389059702,0.1111111111111111
2022-08-29,0.3,-0.09681931138038635,0.12777777777777777
2022-08-30,0.3,-0.09681931138038635,0.12777777777777777
2022-08-31,0.3,-0.09681931138038635,0.12777777777777777
2022-09-01,0.3,-0.09668149550755818,0.12777777777777777
2022-09-02,0.4,-0.10847973028818766,0.15
2022-09-03,0.4,-0.10847973028818766,0.15
2022-09-04,0.4,-0.10847973028818766,0.15
2022-09-05,0.4,-0.10847973028818766,0.15
2022-09-06,0.43333333333333335,-0.08150182565053304,0.15
2022-09-07,0.43333333333333335,-0.08150182565053304,0.15
2022-09-08,0.4666666666666667,-0.11410373648007711,0.18333333333333332
2022-09-09,0.4666666666666667,-0.11410373648007711,0.18333333333333332
2022-09-10,0.5666666666666667,-0.12785498831007217,0.20555555555555555
2022-09-11,0.5666666666666667,-0.12785498831007217,0.20555555555555555
2022-09-12,0.5666666666666667,-0.12785498831007217,0.20555555555555555
2022-09-13,0.5333333333333333,-0.09483942919307284,0.1722222222222222
2022-09-14,0.5333333333333333,-0.09483942919307284,0.1722222222222222
2022-09-15,0.5333333333333333,-0.09483942919307284,0.1722222222222222
2022-09-16,0.43333333333333335,-0.10177900923622979,0.16111111111111112
2022-09-17,0.5666666666666667,-0.13370190941625174,0.19444444444444448
2022-09-18,0.5666666666666667,-0.13370190941625174,0.19444444444444448
2022-09-19,0.5666666666666667,-0.13370190941625174,0.19444444444444448
2022-09-20,0.6333333333333333,-0.13322626534435486,0.21111111111111114
2022-09-21,0.8,-0.13073607308997048,0.22444444444444445
2022-09-22,0.8333333333333334,-0.13076350149181154,0.22444444444444445
2022-09-23,0.8333333333333334,-0.13076350149181154,0.22444444444444445
2022-09-24,0.8333333333333334,-0.13076350149181154,0.22444444444444445
2022-09-25,0.8333333333333334,-0.13076350149181154,0.22444444444444445
2022-09-26,0.8333333333333334,-0.13076350149181154,0.22444444444444445
2022-09-27,0.8666666666666667,-0.10582613405254152,0.22444444444444445
2022-09-28,0.8666666666666667,-0.13493716375695333,0.2411111111111111
2022-09-29,0.8666666666666667,-0.13493716375695333,0.2411111111111111
2022-09-30,0.9666666666666667,-0.14606130775478152,0.26333333333333336
2022-10-01,1.0333333333333334,-0.10187243279483583,0.2411111111111111
2022-10-02,1.0333333333333334,-0.10102697269784079,0.24111111111111108
2022-10-03,1.0333333333333334,-0.10102697269784079,0.24111111111111108
2022-10-04,1.1333333333333333,-0.10892060124211841,0.2633333333333333
2022-10-05,1.1333333333333333,-0.10892060124211841,0.2633333333333333
2022-10-06,1.1333333333333333,-0.16866923295789296,0.29666666666666663
2022-10-07,1.1333333333333333,-0.16866923295789296,0.29666666666666663
2022-10-08,1.1,-0.1360673221283489,0.2633333333333333
2022-10-09,1.1,-0.1360673221283489,0.2633333333333333
2022-10-10,1.0,-0.12231607029835384,0.24111111111111108
2022-10-11,1.0,-0.12231607029835384,0.24111111111111108
2022-10-12,1.0,-0.12231607029835384,0.24111111111111108
2022-10-13,1.0,-0.12231607029835384,0.24111111111111108
2022-10-14,1.0,-0.12231607029835384,0.24111111111111108
2022-10-15,1.0,-0.12231607029835384,0.24111111111111108
2022-10-16,1.0333333333333334,-0.09315530846516291,0.24111111111111108
2022-10-17,0.9,-0.06123240828514099,0.20777777777777776
2022-10-18,0.9333333333333333,-0.0945450786749522,0.24111111111111108
2022-10-19,0.9333333333333333,-0.0945450786749522,0.24111111111111108
2022-10-20,0.8666666666666667,-0.09502072274684907,0.22444444444444442
2022-10-21,0.7,-0.09751091500123342,0.2111111111111111
2022-10-22,0.6,-0.06425552136368222,0.17777777777777776
2022-10-23,0.7,-0.033885811103714844,0.17777777777777776
2022-10-24,0.7333333333333333,-0.06202145649327173,0.2111111111111111
2022-10-25,0.8,-0.09432728323671553,0.24444444444444444
2022-10-26,0.9333333333333333,-0.08185741984181935,0.25277777777777777
2022-10-27,1.0666666666666667,-0.11519983374410206,0.2727777777777778
2022-10-28,1.1,-0.11496093336078857,0.2727777777777778
2022-10-29,1.1,-0.11496093336078857,0.2727777777777778
2022-10-30,1.1333333333333333,-0.13676504456334643,0.28388888888888886
2022-10-31,1.0333333333333334,-0.14776959581507576,0.2727777777777778
2022-11-01,0.9333333333333333,-0.1368168211314413,0.25055555555555553
2022-11-02,0.9333333333333333,-0.1368168211314413,0.25055555555555553
2022-11-03,0.9,-0.1619634876317448,0.26166666666666666
2022-11-04,0.9666666666666667,-0.19498925901121564,0.295
2022-11-05,0.9666666666666667,-0.12895033852921592,0.26166666666666666
2022-11-06,1.0,-0.11017439858780967,0.26166666666666666
2022-11-07,1.0666666666666667,-0.11462134814924664,0.2783333333333333
2022-11-08,1.0666666666666667,-0.11462134814924664,0.2783333333333333
2022-11-09,1.0666666666666667,-0.11462134814924664,0.2783333333333333
2022-11-10,1.0666666666666667,-0.11462134814924664,0.2783333333333333
2022-11-11,1.0666666666666667,-0.11462134814924664,0.2783333333333333
2022-11-12,1.0666666666666667,-0.11462134814924664,0.2783333333333333
2022-11-13,1.0666666666666667,-0.11462134814924664,0.2783333333333333
2022-11-14,1.0666666666666667,-0.11462134814924664,0.2783333333333333
2022-11-15,1.0333333333333334,-0.14378210998243757,0.2783333333333333
2022-11-16,1.0333333333333334,-0.14378210998243757,0.2783333333333333
2022-11-17,1.0,-0.11046943959262637,0.245
2022-11-18,1.0,-0.11046943959262637,0.245
2022-11-19,1.0,-0.11046943959262637,0.245
2022-11-20,1.0,-0.11046943959262637,0.245
2022-11-21,1.0,-0.11046943959262637,0.245
2022-11-22,0.9,-0.14083914985259374,0.245
2022-11-23,0.8666666666666667,-0.11270350446303685,0.21166666666666664
2022-11-24,0.8333333333333334,-0.09958415061235427,0.21166666666666664
2022-11-25,0.7,-0.11205401400725047,0.2033333333333333
2022-11-26,0.5333333333333333,-0.10364896754423777,0.18333333333333332
2022-11-27,0.43333333333333335,-0.07058361073335012,0.15
2022-11-28,0.4666666666666667,-0.045584023992220564,0.15
2022-11-29,0.3333333333333333,-0.012655768791834514,0.11666666666666667
2022-11-30,0.3333333333333333,-0.012655768791834514,0.11666666666666667
2022-12-01,0.36666666666666664,-0.04581955869992574,0.15
2022-12-02,0.36666666666666664,-0.04581955869992574,0.15
2022-12-03,0.3,-0.012779263655344646,0.11666666666666667
2022-12-04,0.23333333333333334,0.02024650772412618,0.08333333333333333
2022-12-05,0.2,-0.013021685679753621,0.08333333333333333
2022-12-06,0.16666666666666666,-0.03179762562115987,0.08333333333333333
2022-12-07,0.2,-0.01902601255310906,0.07777777777777778
2022-12-08,0.2,-0.01902601255310906,0.07777777777777778
2022-12-09,0.2,-0.01902601255310906,0.07777777777777778
2022-12-10,0.2,-0.01902601255310906,0.07777777777777778
2022-12-11,0.2,-0.01902601255310906,0.07777777777777778
2022-12-12,0.2,-0.01902601255310906,0.07777777777777778
2022-12-13,0.26666666666666666,-0.01875129375192854,0.09444444444444446
2022-12-14,0.26666666666666666,-0.01875129375192854,0.09444444444444446
2022-12-15,0.26666666666666666,-0.01875129375192854,0.09444444444444446
2022-12-16,0.26666666666666666,-0.01875129375192854,0.09444444444444446
2022-12-17,0.26666666666666666,-0.01875129375192854,0.09444444444444446
2022-12-18,0.3,0.006186073687341479,0.09444444444444446
2022-12-19,0.3,0.006186073687341479,0.09444444444444446
2022-12-20,0.3,0.006186073687341479,0.09444444444444446
2022-12-21,0.3,0.006186073687341479,0.09444444444444446
2022-12-22,0.3,0.006186073687341479,0.09444444444444446
2022-12-23,0.3,0.006186073687341479,0.09444444444444446
2022-12-24,0.26666666666666666,0.025372546580102708,0.06111111111111111
2022-12-25,0.26666666666666666,0.025372546580102708,0.06111111111111111
2022-12-26,0.26666666666666666,0.025372546580102708,0.06111111111111111
2022-12-27,0.5666666666666667,0.013759364132527954,0.08333333333333333
2022-12-28,0.9333333333333333,-0.03760364706869478,0.11388888888888889
2022-12-29,1.0,-0.07024165447111483,0.1472222222222222
2022-12-30,1.1333333333333333,-0.06800222899074908,0.16388888888888886
2022-12-31,1.1,-0.034838439082657845,0.13055555555555556
2023-01-01,1.1333333333333333,-0.06816031640326535,0.16388888888888886
2023-01-02,1.1333333333333333,-0.06816031640326535,0.16388888888888886
2023-01-03,1.1666666666666667,-0.04322294896399533,0.16388888888888886
2023-01-04,1.1666666666666667,-0.04322294896399533,0.16388888888888886
2023-01-05,1.1666666666666667,-0.04322294896399533,0.16388888888888886
2023-01-06,1.0666666666666667,-0.05154761247060916,0.1527777777777778
2023-01-07,1.0666666666666667,-0.05154761247060916,0.1527777777777778
2023-01-08,1.1,-0.08481374355377973,0.18611111111111114
2023-01-09,1.1,-0.08481374355377973,0.18611111111111114
2023-01-10,1.1,-0.08481374355377973,0.18611111111111114
2023-01-11,1.1,-0.08481374355377973,0.18611111111111114
2023-01-12,1.0333333333333334,-0.08508846235496025,0.16944444444444445
2023-01-13,1.0333333333333334,-0.08508846235496025,0.16944444444444445
2023-01-14,1.0333333333333334,-0.08508846235496025,0.16944444444444445
2023-01-15,1.0333333333333334,-0.08508846235496025,0.16944444444444445
2023-01-16,1.0333333333333334,-0.08508846235496025,0.16944444444444445
2023-01-17,1.0,-0.11002582979423027,0.16944444444444445
2023-01-18,1.0333333333333334,-0.14289854041956088,0.2027777777777778
2023-01-19,1.1,-0.14670014552496097,0.21944444444444447
2023-01-20,1.1666666666666667,-0.17905845117789726,0.2527777777777778
2023-01-21,1.3333333333333333,-0.15878133726340754,0.2594444444444444
2023-01-22,1.3333333333333333,-0.15878133726340754,0.2594444444444444
2023-01-23,1.3333333333333333,-0.15878133726340754,0.2594444444444444
2023-01-24,1.3666666666666667,-0.12635435215852878,0.2594444444444444
2023-01-25,1.4,-0.15958888483268244,0.29277777777777775
2023-01-26,1.2,-0.15872273640500176,0.29277777777777775
2023-01-27,0.8,-0.13235931194490858,0.2622222222222222
2023-01-28,0.7666666666666667,-0.1330409546362029,0.26222222222222225
2023-01-29,0.6333333333333333,-0.13528038011656868,0.24555555555555558
2023-01-30,0.6666666666666666,-0.16855998979674444,0.2788888888888889
2023-01-31,0.6333333333333333,-0.13523811247613696,0.24555555555555558
2023-02-01,0.6333333333333333,-0.13523811247613696,0.24555555555555558
2023-02-02,0.6,-0.16017547991540698,0.24555555555555558
2023-02-03,0.6,-0.16017547991540698,0.24555555555555558
2023-02-04,0.6,-0.16017547991540698,0.24555555555555558
2023-02-05,0.6,-0.16017547991540698,0.24555555555555558
2023-02-06,0.6,-0.16017547991540698,0.24555555555555558
